[
  {
    "name": "Build the Levees",
    "uri": "https://firebasestorage.googleapis.com/v0/b/react-native-e.appspot.com/o/albums%2Fbrother%2FBuild%20the%20Levees.m4a?alt=media&token=a46727d0-f1f4-4170-bdfb-31271c8453af"
  },
  {
    "name": "Borderline",
    "uri": "https://firebasestorage.googleapis.com/v0/b/react-native-e.appspot.com/o/albums%2Fbrother%2FBorderline.m4a?alt=media&token=5870f15d-67dd-4d62-8c25-a54b878a7d55"
  },
  {
    "name": "A Couple Things",
    "uri": "https://firebasestorage.googleapis.com/v0/b/react-native-e.appspot.com/o/albums%2Fbrother%2FA%20Couple%20Things.m4a?alt=media&token=d55199dc-56a8-4562-9454-ca5e55831c66"
  },
  {
    "name": "Aster",
    "uri": "https://firebasestorage.googleapis.com/v0/b/react-native-e.appspot.com/o/albums%2Fbrother%2FAster.m4a?alt=media&token=01669fc1-4291-40f6-abd0-c30b1ce02daf"
  },
  {
    "name": "Brother",
    "uri": "https://firebasestorage.googleapis.com/v0/b/react-native-e.appspot.com/o/albums%2Fbrother%2FBrother.m4a?alt=media&token=ddf31bef-907f-49aa-acb0-924a3f916fa0"
  },
  {
    "name": "Tell Me Once",
    "uri": "https://firebasestorage.googleapis.com/v0/b/react-native-e.appspot.com/o/albums%2Fbrother%2FTell%20Me%20Once.m4a?alt=media&token=5c4d2949-88d6-49d3-a4ac-c1ee42b2375c"
  },
  {
    "name": "The Sparrow & the Needle",
    "uri": "https://firebasestorage.googleapis.com/v0/b/react-native-e.appspot.com/o/albums%2Fbrother%2FThe%20Sparrow%20%26%20the%20Needle.m4a?alt=media&token=f3ef7849-22eb-46a2-b536-613152f12473"
  },
  {
    "name": "The Likes of Love",
    "uri": "https://firebasestorage.googleapis.com/v0/b/react-native-e.appspot.com/o/albums%2Fbrother%2FThe%20Likes%20of%20Love.m4a?alt=media&token=b4fcc9cb-6add-4058-9a23-83f7abf1fbc4"
  },
  {
    "name": "Lessons",
    "uri": "https://firebasestorage.googleapis.com/v0/b/react-native-e.appspot.com/o/albums%2Fbrother%2FLessons.m4a?alt=media&token=d7351b53-015a-4ccc-ae78-79344c12e306"
  },
  {
    "name": "Kiss Me in the Dark",
    "uri": "https://firebasestorage.googleapis.com/v0/b/react-native-e.appspot.com/o/albums%2Fbrother%2FKiss%20Me%20in%20the%20Dark.m4a?alt=media&token=01acb775-e3fe-423d-9578-7d5b749626eb"
  },
  {
    "name": "She Speaks Spanish",
    "uri": "https://firebasestorage.googleapis.com/v0/b/react-native-e.appspot.com/o/albums%2Fbrother%2FShe%20Speaks%20Spanish.m4a?alt=media&token=20d81e62-1dec-451b-a0d7-4a0aa90e24db"
  }
]
