[
  {
    "name": "Do Something Beautiful",
    "uri": "https://firebasestorage.googleapis.com/v0/b/react-native-e.appspot.com/o/albums%2Fdo-something-beautiful%2FDo%20Something%20Beautiful.m4a?alt=media&token=950e853a-b3f2-4d41-a6d5-47112de7e98a"
  },
  {
    "name": "Youth",
    "uri": "https://firebasestorage.googleapis.com/v0/b/react-native-e.appspot.com/o/albums%2Fdo-something-beautiful%2FYouth.m4a?alt=media&token=32550717-c299-4eea-834e-136829afc267"
  },
  {
    "name": "Forgive & Forget",
    "uri": "https://firebasestorage.googleapis.com/v0/b/react-native-e.appspot.com/o/albums%2Fdo-something-beautiful%2FForgive%20%26%20Forget.m4a?alt=media&token=e4435aa1-e282-465b-85f8-a0d795f260cf"
  },
  {
    "name": "Without You Without Me",
    "uri": "https://firebasestorage.googleapis.com/v0/b/react-native-e.appspot.com/o/albums%2Fdo-something-beautiful%2FWithout%20You%20Without%20Me.m4a?alt=media&token=fa8e62f2-6ad0-406f-aef7-de78f3747b4e"
  }
]
