[
  {
    "name": "Green Light",
    "uri": "https://firebasestorage.googleapis.com/v0/b/react-native-e.appspot.com/o/albums%2Fmelodrama%2FGreen%20Light.m4a?alt=media&token=baca92ff-a22c-4ede-85c3-d77b342e7bc4"
  },
  {
    "name": "Sober",
    "uri": "https://firebasestorage.googleapis.com/v0/b/react-native-e.appspot.com/o/albums%2Fmelodrama%2FSober.m4a?alt=media&token=3aa8b656-6a7b-4408-90cc-56d667fd69f8"
  },
  {
    "name": "Homemade Dynamite",
    "uri": "https://firebasestorage.googleapis.com/v0/b/react-native-e.appspot.com/o/albums%2Fmelodrama%2FHomemade%20Dynamite.m4a?alt=media&token=3b6cd8b2-c5c3-4587-bed9-17954bb32d77"
  },
  {
    "name": "The Louvre",
    "uri": "https://firebasestorage.googleapis.com/v0/b/react-native-e.appspot.com/o/albums%2Fmelodrama%2FThe%20Louvre.m4a?alt=media&token=b16faa70-c241-4197-a883-789ccc31311d"
  },
  {
    "name": "Liability",
    "uri": "https://firebasestorage.googleapis.com/v0/b/react-native-e.appspot.com/o/albums%2Fmelodrama%2FLiability.m4a?alt=media&token=87d29adb-88db-4397-aae5-50c3d5c7ca61"
  },
  {
    "name": "Hard Feelings/Loveless",
    "uri": "https://firebasestorage.googleapis.com/v0/b/react-native-e.appspot.com/o/albums%2Fmelodrama%2Floveless.m4a?alt=media&token=cf46bdfe-b0e9-4505-bfcc-7225a7ee6bf1"
  },
  {
    "name": "Sober II (Melodrama)",
    "uri": "https://firebasestorage.googleapis.com/v0/b/react-native-e.appspot.com/o/albums%2Fmelodrama%2FSober%20II%20(Melodrama).m4a?alt=media&token=628935ae-261f-43b2-9256-1cfa8e261fd7"
  },
  {
    "name": "Writer In the Dark",
    "uri": "https://firebasestorage.googleapis.com/v0/b/react-native-e.appspot.com/o/albums%2Fmelodrama%2FWriter%20In%20the%20Dark.m4a?alt=media&token=072e0392-9c86-41d0-b53f-7c739cbf2ff1"
  },
  {
    "name": "Supercut",
    "uri": "https://firebasestorage.googleapis.com/v0/b/react-native-e.appspot.com/o/albums%2Fmelodrama%2FSupercut.m4a?alt=media&token=7c50f716-4e8d-4e45-b7e8-b8664e2f884a"
  },
  {
    "name": "Liability (Reprise)",
    "uri": "https://firebasestorage.googleapis.com/v0/b/react-native-e.appspot.com/o/albums%2Fmelodrama%2FLiability.m4a?alt=media&token=87d29adb-88db-4397-aae5-50c3d5c7ca61"
  },
  {
    "name": "Perfect Places",
    "uri": "https://firebasestorage.googleapis.com/v0/b/react-native-e.appspot.com/o/albums%2Fmelodrama%2FPerfect%20Places.m4a?alt=media&token=c685afb7-b0e3-4dc9-a137-44ec8683f042"
  }
]
