[
  {
    "name": "With My Mind",
    "uri": "https://firebasestorage.googleapis.com/v0/b/react-native-e.appspot.com/o/albums%2Fribbons%2FWith%20My%20Mind.m4a?alt=media&token=5a566545-5be0-435d-90b4-5e783faab4a1"
  },
  {
    "name": "Ribbon 1",
    "uri": "https://firebasestorage.googleapis.com/v0/b/react-native-e.appspot.com/o/albums%2Fribbons%2FRibbon%201.m4a?alt=media&token=da8937eb-5d2f-496e-9a8e-1ab417dcacfd"
  },
  {
    "name": "What's Up",
    "uri": "https://firebasestorage.googleapis.com/v0/b/react-native-e.appspot.com/o/albums%2Fribbons%2FWhat's%20Up.m4a?alt=media&token=14330dc2-c1fa-475b-b822-1116929fd3c1"
  },
  {
    "name": "Ribbon 2",
    "uri": "https://firebasestorage.googleapis.com/v0/b/react-native-e.appspot.com/o/albums%2Fribbons%2FRibbon%202.m4a?alt=media&token=d1186f89-612c-4a39-a037-1a540d233c9a"
  },
  {
    "name": "Hiccup",
    "uri": "https://firebasestorage.googleapis.com/v0/b/react-native-e.appspot.com/o/albums%2Fribbons%2FHiccup.m4a?alt=media&token=a36614a3-0cfb-4603-8296-00761f7ca949"
  },
  {
    "name": "Ribbon 3",
    "uri": "https://firebasestorage.googleapis.com/v0/b/react-native-e.appspot.com/o/albums%2Fribbons%2FRibbon%203.m4a?alt=media&token=79a63321-de5f-465e-be73-4f5e7e730f80"
  },
  {
    "name": "Tv",
    "uri": "https://firebasestorage.googleapis.com/v0/b/react-native-e.appspot.com/o/albums%2Fribbons%2FTv.m4a?alt=media&token=a02d278e-9f35-41f3-99f5-a85741b38439"
  }
]
