[
  {
    "name": "Cell Dilution",
    "uri": "https://firebasestorage.googleapis.com/v0/b/react-native-e.appspot.com/o/albums%2Fwhere-we-were%2FCell%20Dilution.m4a?alt=media&token=4fc813b8-4cef-4792-9f0a-a7b0aba2d9aa"
  },
  {
    "name": "Crocodile",
    "uri": "https://firebasestorage.googleapis.com/v0/b/react-native-e.appspot.com/o/albums%2Fwhere-we-were%2FCrocodile.m4a?alt=media&token=97a07d61-11fe-4509-997d-31756a06340c"
  },
  {
    "name": "Love (feat. Edwin Morgan)",
    "uri": "https://firebasestorage.googleapis.com/v0/b/react-native-e.appspot.com/o/albums%2Fwhere-we-were%2FLove%20(feat.%20Edwin%20Morgan).m4a?alt=media&token=25f7c3e6-0260-4a0f-bfca-471078f6e0cb"
  },
  {
    "name": "Rosie",
    "uri": "https://firebasestorage.googleapis.com/v0/b/react-native-e.appspot.com/o/albums%2Fwhere-we-were%2FRosie.m4a?alt=media&token=f59ce3de-4bf7-46fb-ad18-b2b0b7f25a1c"
  },
  {
    "name": "Where We Were",
    "uri": "https://firebasestorage.googleapis.com/v0/b/react-native-e.appspot.com/o/albums%2Fwhere-we-were%2FWhere%20We%20Were.m4a?alt=media&token=624f31f4-0806-483c-8899-7276778806a3"
  }
]
